date,home_team,away_team,home_goals,away_goals,result,r_home_pre,r_away_pre,p_home,p_away,p_draw,r_home_post,r_away_post
2024-08-15,Ath Bilbao,Getafe,1,1,D,1500.0,1500.0,0.4391240090038571,0.3108759909961429,0.25,1498.3,1501.7
2024-08-15,Betis,Girona,1,1,D,1500.0,1500.0,0.4391240090038571,0.3108759909961429,0.25,1498.3,1501.7
2024-08-16,Las Palmas,Sevilla,2,2,D,1500.0,1500.0,0.4391240090038571,0.3108759909961429,0.25,1498.3,1501.7
2024-08-16,Celta,Alaves,2,1,H,1500.0,1500.0,0.4391240090038571,0.3108759909961429,0.25,1508.3,1491.7
2024-08-17,Osasuna,Leganes,1,1,D,1500.0,1500.0,0.4391240090038571,0.3108759909961429,0.25,1498.3,1501.7
2024-08-17,Valencia,Barcelona,1,2,A,1500.0,1500.0,0.4391240090038571,0.3108759909961429,0.25,1488.3,1511.7
2024-08-18,Sociedad,Vallecano,1,2,A,1500.0,1500.0,0.4391240090038571,0.3108759909961429,0.25,1488.3,1511.7
2024-08-18,Mallorca,Real Madrid,1,1,D,1500.0,1500.0,0.4391240090038571,0.3108759909961429,0.25,1498.3,1501.7
2024-08-19,Valladolid,Espanol,1,0,H,1500.0,1500.0,0.4391240090038571,0.3108759909961429,0.25,1508.3,1491.7
2024-08-19,Villarreal,Ath Madrid,2,2,D,1500.0,1500.0,0.4391240090038571,0.3108759909961429,0.25,1498.3,1501.7
2024-08-23,Celta,Valencia,3,1,H,1508.3,1488.3,0.46598398331638874,0.29401601668361127,0.24000000000000002,1516.0,1480.6
2024-08-23,Sevilla,Villarreal,1,2,A,1501.7,1498.3,0.44371055695847195,0.3079994166149642,0.24829002642656384,1489.9,1510.1
2024-08-24,Getafe,Vallecano,0,0,D,1501.7,1511.7,0.42574002246924414,0.31925997753075586,0.255,1500.3,1513.1
2024-08-24,Osasuna,Mallorca,1,0,H,1498.3,1498.3,0.4391240090038571,0.3108759909961429,0.25,1506.6,1490.0
2024-08-24,Barcelona,Ath Bilbao,2,1,H,1511.7,1498.3,0.45713955204425255,0.2995704215291836,0.24329002642656386,1519.6,1490.4
2024-08-24,Espanol,Sociedad,0,1,A,1491.7,1488.3,0.44371055695847195,0.3079994166149642,0.24829002642656384,1479.9,1500.1
2024-08-25,Real Madrid,Valladolid,3,0,H,1501.7,1508.3,0.43031204361114356,0.3163979299622926,0.25329002642656384,1510.2,1499.8
2024-08-25,Leganes,Las Palmas,2,1,H,1501.7,1498.3,0.44371055695847195,0.3079994166149642,0.24829002642656384,1509.9,1490.1
2024-08-25,Alaves,Betis,0,0,D,1491.7,1498.3,0.43031204361114356,0.3163979299622926,0.25329002642656384,1490.2,1499.8
2024-08-25,Ath Madrid,Girona,3,0,H,1501.7,1501.7,0.4391240090038571,0.3108759909961429,0.25,1510.0,1493.4
2024-08-26,Villarreal,Celta,4,3,H,1510.1,1516.0,0.4311792017815016,0.3158548492705605,0.25296594894793795,1518.6,1507.6
2024-08-27,Mallorca,Sevilla,0,0,D,1490.0,1489.9,0.43925188631047735,0.31079580975333515,0.2499523039361875,1488.3,1491.6
2024-08-27,Vallecano,Barcelona,1,2,A,1513.1,1519.6,0.43043459180364063,0.31632118548994637,0.253244222706413,1501.6,1531.2
2024-08-28,Ath Bilbao,Valencia,1,0,H,1490.4,1480.6,0.45230219535830307,0.3026075825596686,0.2450902220820283,1498.4,1472.5
2024-08-28,Valladolid,Leganes,0,0,D,1499.8,1509.9,0.4256210771417464,0.3193344056195678,0.2550445172386858,1498.4,1511.3
2024-08-28,Ath Madrid,Espanol,0,0,D,1510.0,1479.9,0.47955296391274405,0.28549473215106846,0.23495230393618752,1507.5,1482.4
2024-08-28,Sociedad,Alaves,1,2,A,1500.1,1490.2,0.4524249829451853,0.3025304998161289,0.2450445172386858,1488.1,1502.2
2024-08-29,Las Palmas,Real Madrid,1,1,D,1490.1,1510.2,0.41229223076726285,0.32766325199405133,0.2600445172386858,1489.0,1511.3
2024-08-29,Girona,Osasuna,4,0,H,1493.4,1506.6,0.42152103197415597,0.32189891517271635,0.2565800528531277,1502.1,1497.9
2024-08-31,Barcelona,Valladolid,7,0,H,1531.2,1498.4,0.48314180858473904,0.28324168246631615,0.2336165089489448,1538.5,1491.0
2024-08-31,Ath Bilbao,Ath Madrid,0,1,A,1498.4,1507.5,0.42697725953057175,0.31848570165181256,0.2545370388176157,1486.9,1518.9
2024-08-31,Espanol,Vallecano,2,1,H,1482.4,1501.6,0.4135144933051085,0.3269005291399263,0.25958497755496523,1491.3,1492.8
2024-08-31,Leganes,Mallorca,0,1,A,1511.3,1488.3,0.47007600667287913,0.29144599264308074,0.23847800068404015,1499.0,1500.6
2024-08-31,Valencia,Villarreal,1,1,D,1472.5,1518.6,0.3781186286990105,0.34887341168240493,0.2730079596185846,1472.1,1519.0
2024-09-01,Alaves,Las Palmas,2,0,H,1502.2,1489.0,0.45686845724172204,0.29974064905402803,0.24339089370424988,1510.1,1481.0
2024-09-01,Osasuna,Celta,3,2,H,1497.9,1507.6,0.42620637836240777,0.3189681474068839,0.25482547423070834,1506.5,1499.0
2024-09-01,Sevilla,Girona,0,2,A,1491.6,1502.1,0.4251219957220206,0.3196466798797343,0.2552313243982452,1480.2,1513.5
2024-09-01,Getafe,Sociedad,0,0,D,1500.3,1488.1,0.4554610045220522,0.3006243922579822,0.24391460321996558,1498.2,1490.2
2024-09-01,Real Madrid,Betis,2,0,H,1511.3,1499.8,0.4545765922409641,0.30117968618988417,0.24424372156915175,1519.3,1491.8
2024-09-13,Betis,Leganes,2,0,H,1491.8,1499.0,0.4295625592672419,0.31686725315316305,0.2535701875795951,1500.3,1490.5
2024-09-14,Espanol,Alaves,3,2,H,1491.3,1510.1,0.41397764338730136,0.3266114524172724,0.2594109041954262,1500.1,1501.3
2024-09-14,Sociedad,Real Madrid,0,2,A,1490.2,1519.3,0.40028981182491974,0.33513987485984875,0.2645703133152315,1479.3,1530.2
2024-09-14,Mallorca,Villarreal,1,2,A,1500.6,1519.0,0.4146442365522474,0.3261953396785721,0.2591604237691804,1489.4,1530.1
2024-09-14,Sevilla,Getafe,1,0,H,1480.2,1498.2,0.415028920185155,0.32595517563553,0.25901590417931497,1489.0,1489.4
2024-09-15,Celta,Valladolid,3,1,H,1499.0,1491.0,0.4498758238676492,0.3041306648598217,0.2459935112725291,1507.1,1482.9
2024-09-15,Girona,Barcelona,1,4,A,1513.5,1538.5,0.40570396556241667,0.3317703664836102,0.2625256679539731,1502.5,1549.5
2024-09-15,Las Palmas,Ath Bilbao,2,3,A,1481.0,1486.9,0.43121440560001767,0.3158328003718628,0.2529527940281196,1469.5,1498.5
2024-09-15,Ath Madrid,Valencia,3,0,H,1518.9,1472.1,0.5019423427189127,0.2714503445109868,0.22660731277010043,1525.9,1465.1
2024-09-16,Vallecano,Osasuna,3,1,H,1492.8,1506.5,0.42080070247412177,0.32234925467714964,0.2568500428487286,1501.5,1497.8
2024-09-17,Mallorca,Sociedad,1,0,H,1489.4,1479.3,0.4527692415663076,0.30231438038797187,0.24491637804572056,1497.4,1471.3
2024-09-18,Betis,Getafe,2,1,H,1500.3,1489.4,0.4537543660375425,0.3016959121825087,0.24454972177994877,1508.3,1481.4
2024-09-19,Leganes,Ath Bilbao,0,2,A,1490.5,1498.5,0.4284356784096153,0.3175727905377368,0.25399153105264793,1479.0,1510.0
2024-09-20,Alaves,Sevilla,2,1,H,1501.3,1489.0,0.45559957070173623,0.3005373887885074,0.2438630405097564,1509.2,1481.0
2024-09-21,Valladolid,Sociedad,0,0,D,1482.9,1471.3,0.45478228073035426,0.3010505432790221,0.24416717599062362,1480.9,1473.3
2024-09-21,Osasuna,Las Palmas,2,1,H,1497.8,1469.5,0.4771698786959837,0.2869910537449516,0.23583906755906472,1505.3,1462.0
2024-09-21,Valencia,Girona,2,0,H,1465.1,1502.5,0.3894277607977255,0.34188229784303986,0.26868994135923463,1474.5,1493.1
2024-09-21,Real Madrid,Espanol,4,1,H,1530.2,1500.1,0.47954924134446236,0.28549706938931335,0.23495368926622429,1537.6,1492.6
2024-09-22,Getafe,Leganes,1,1,D,1481.4,1479.0,0.4423937730473817,0.308825419909998,0.2487808070426203,1479.7,1480.8
2024-09-22,Ath Bilbao,Celta,3,1,H,1510.0,1507.1,0.442996075811242,0.30844761633665374,0.2485563078521042,1518.2,1498.9
2024-09-22,Villarreal,Barcelona,1,5,A,1530.1,1549.5,0.41320562595109533,0.32709329175857604,0.2597010822903286,1519.0,1560.7
2024-09-22,Vallecano,Ath Madrid,1,1,D,1501.5,1525.9,0.40645833295242345,0.33130046443100974,0.26224120261656675,1500.4,1527.0
2024-09-23,Betis,Mallorca,1,2,A,1508.3,1497.4,0.45372148124206757,0.3017165580630994,0.24456196069483305,1496.3,1509.5
2024-09-24,Sevilla,Valladolid,2,1,H,1481.0,1480.9,0.4393297349039115,0.3107469967579989,0.24992326833808967,1489.3,1472.6
2024-09-24,Valencia,Osasuna,0,0,D,1474.5,1505.3,0.3980263618733082,0.3365468893624737,0.26542674876421807,1473.6,1506.2
2024-09-24,Real Madrid,Alaves,3,2,H,1537.6,1509.2,0.47730938997406747,0.28690345118002936,0.23578715884590318,1545.2,1501.7
2024-09-25,Girona,Vallecano,0,0,D,1493.1,1500.4,0.4293575386569007,0.3169956259407117,0.25364683540238764,1491.6,1501.9
2024-09-25,Barcelona,Getafe,1,0,H,1560.7,1479.7,0.5474494528281295,0.243072269277804,0.20947827789406645,1566.9,1473.5
2024-09-26,Celta,Ath Madrid,0,1,A,1498.9,1527.0,0.4016800799604692,0.33427515835929905,0.26404476168023167,1488.0,1537.9
2024-09-26,Las Palmas,Betis,1,1,D,1462.0,1496.3,0.393430423286249,0.33940063470689197,0.2671689420068591,1461.2,1497.0
2024-09-26,Espanol,Villarreal,1,2,A,1492.6,1519.0,0.40397447027778216,0.3328473048172839,0.263178224904934,1481.7,1529.9
2024-09-27,Valladolid,Mallorca,1,2,A,1472.6,1509.5,0.3901265397372978,0.3414493112139864,0.2684241490487158,1461.9,1520.1
2024-09-28,Getafe,Alaves,2,0,H,1473.5,1501.7,0.4015423858489391,0.3343608174963004,0.26409679665476055,1482.6,1492.6
2024-09-28,Vallecano,Leganes,1,1,D,1501.9,1480.8,0.4675373025769964,0.2930404394209523,0.23942225800205133,1499.6,1483.1
2024-09-28,Sociedad,Valencia,3,0,H,1473.3,1473.6,0.4386840537988923,0.3111518408637075,0.25016410533740013,1481.6,1465.3
2024-09-28,Osasuna,Barcelona,4,2,H,1506.2,1566.9,0.35944237010860824,0.36091205330760645,0.27964557658378525,1516.2,1556.8
2024-09-29,Betis,Espanol,1,0,H,1497.0,1481.7,0.4597804606176803,0.2979120326482658,0.24230750673405388,1504.9,1473.8
2024-09-29,Celta,Girona,1,1,D,1488.0,1491.6,0.43418494477978403,0.31397186167063024,0.2518431935495858,1486.3,1493.2
2024-09-29,Ath Bilbao,Sevilla,1,1,D,1518.2,1489.3,0.47786436658507425,0.2865549729254455,0.23558066048948026,1515.7,1491.8
2024-09-29,Ath Madrid,Real Madrid,1,1,D,1537.9,1545.2,0.42937163051143123,0.3169868025250363,0.25364156696353246,1536.4,1546.7
2024-09-30,Villarreal,Las Palmas,3,1,H,1529.9,1461.2,0.5311679048938511,0.253189367450937,0.21564272765521186,1536.4,1454.8
2024-10-04,Leganes,Valencia,0,0,D,1483.1,1465.3,0.46296507726219627,0.2959120415329344,0.2411228812048693,1480.9,1467.5
2024-10-05,Las Palmas,Celta,0,1,A,1454.8,1486.3,0.39708606826527754,0.3371310986043485,0.26578283313037393,1444.0,1497.2
2024-10-05,Espanol,Mallorca,2,1,H,1473.8,1520.1,0.37771551490247457,0.3491220052468964,0.273162479850629,1483.4,1510.5
2024-10-05,Valladolid,Vallecano,1,2,A,1461.9,1499.6,0.3890024479822755,0.34214578105537746,0.268851770962347,1451.3,1510.3
2024-10-05,Real Madrid,Villarreal,2,0,H,1546.7,1536.4,0.45288869931961395,0.30223938587609944,0.2448719148042866,1554.7,1528.4
2024-10-05,Getafe,Osasuna,1,1,D,1482.6,1516.2,0.39444589658344364,0.33877048001053955,0.2667836234060168,1481.8,1516.9
2024-10-06,Girona,Ath Bilbao,2,1,H,1493.2,1515.7,0.4091866943475039,0.32960013112755737,0.26121317452493875,1502.2,1506.7
2024-10-06,Alaves,Barcelona,0,3,A,1492.6,1556.8,0.3566730639374343,0.365434870894435,0.2778920651681307,1482.7,1566.7
2024-10-06,Sevilla,Betis,1,0,H,1491.8,1504.9,0.4216366935635879,0.3218265990676875,0.25653670736872464,1500.5,1496.3
2024-10-06,Sociedad,Ath Madrid,1,1,D,1481.6,1536.4,0.366746206909496,0.3558689097043315,0.27738488338617256,1481.4,1536.5
2024-10-18,Alaves,Valladolid,2,3,A,1482.7,1451.3,0.48136436804215904,0.2843574864939636,0.23427814546387732,1470.2,1463.9
2024-10-19,Ath Bilbao,Espanol,4,1,H,1506.7,1483.4,0.4704777886266725,0.29119365489716337,0.23832855647616408,1514.4,1475.8
2024-10-19,Osasuna,Betis,1,2,A,1516.9,1496.3,0.46689778302671014,0.2934420960859573,0.23966012088733263,1504.7,1508.5
2024-10-19,Girona,Sociedad,0,1,A,1502.2,1481.4,0.46695281550733186,0.29340753238179634,0.23963965211087182,1489.9,1493.7
2024-10-19,Celta,Real Madrid,1,2,A,1497.2,1554.7,0.36321290999318445,0.35803439532206727,0.2787526946847483,1487.1,1564.7
2024-10-20,Barcelona,Sevilla,5,1,H,1566.7,1500.5,0.5278661796887238,0.25524659604027067,0.2168872242710055,1573.2,1494.0
2024-10-20,Mallorca,Vallecano,1,0,H,1510.5,1510.3,0.43942970969325157,0.31068430942074843,0.249885980886,1518.8,1502.0
2024-10-20,Villarreal,Getafe,1,1,D,1528.4,1481.8,0.5016313718661508,0.27164516886876827,0.22672345926508095,1525.4,1484.8
2024-10-20,Ath Madrid,Leganes,3,1,H,1536.5,1480.9,0.51377374533935,0.2640450350091087,0.22218121965154128,1543.3,1474.1
2024-10-21,Valencia,Las Palmas,2,3,A,1467.5,1444.0,0.4707775995374979,0.2910053606405148,0.23821703982198725,1455.2,1456.3
2024-10-25,Espanol,Sevilla,0,2,A,1475.8,1494.0,0.41478217092039915,0.3261092275875781,0.2591086014920228,1464.6,1505.2
2024-10-26,Valladolid,Villarreal,1,2,A,1463.9,1525.4,0.3587799656719087,0.3619948841164621,0.2792251502116292,1453.9,1535.4
2024-10-26,Vallecano,Alaves,1,0,H,1502.0,1470.2,0.48188425635597165,0.28403110921537544,0.2340846344286529,1509.4,1462.8
2024-10-26,Las Palmas,Girona,1,0,H,1456.3,1489.9,0.39445194189411703,0.33876672791772955,0.26678133018815336,1465.6,1480.6
2024-10-26,Real Madrid,Barcelona,0,4,A,1564.7,1573.2,0.42774319809465206,0.31800628395543645,0.2542505179499115,1553.3,1584.7
2024-10-27,Leganes,Celta,3,0,H,1474.1,1487.1,0.421736133541285,0.3217644239886908,0.2564994424700242,1482.7,1478.4
2024-10-27,Getafe,Valencia,1,1,D,1484.8,1455.2,0.4789587665478273,0.2858678083694053,0.2351734250827674,1482.3,1457.7
2024-10-27,Betis,Ath Madrid,1,0,H,1508.5,1543.3,0.392858635686733,0.33975536139443235,0.26738600291883463,1517.8,1534.0
2024-10-27,Sociedad,Osasuna,0,2,A,1493.7,1504.7,0.42450721852206114,0.32003130492528803,0.2554614765526508,1482.3,1516.1
2024-10-28,Mallorca,Ath Bilbao,0,0,D,1518.8,1514.4,0.4450341257792028,0.3071690470470047,0.24779682717379253,1517.0,1516.2
2024-11-01,Alaves,Mallorca,1,0,H,1462.8,1517.0,0.36747040015939264,0.35542458041812713,0.2771050194224803,1472.6,1507.1
2024-11-02,Osasuna,Valladolid,1,0,H,1516.1,1453.9,0.5224290769693164,0.258637943471239,0.21893297955944468,1522.7,1447.3
2024-11-02,Girona,Leganes,4,3,H,1480.6,1482.7,0.43630768839709366,0.3126415466851086,0.2510507649177978,1489.0,1474.4
2024-11-03,Ath Madrid,Las Palmas,2,0,H,1534.0,1465.6,0.5308422200062375,0.2533922170618636,0.2157655629318988,1540.5,1459.1
2024-11-03,Barcelona,Espanol,3,1,H,1584.7,1464.6,0.5980571227112655,0.21201719415745127,0.18992568313128325,1589.9,1459.3
2024-11-03,Sevilla,Sociedad,0,2,A,1505.2,1482.3,0.4698116853966546,0.2916119994002639,0.2385763152030816,1492.8,1494.7
2024-11-03,Ath Bilbao,Betis,1,1,D,1516.2,1517.8,0.43700271755905207,0.3122058912210627,0.25079139121988525,1514.6,1519.5
2024-11-04,Celta,Getafe,1,0,H,1478.4,1482.3,0.43394858715622225,0.314119961484924,0.2519314513588538,1486.8,1473.9
2024-11-08,Vallecano,Las Palmas,1,3,A,1509.4,1459.1,0.5066731900682965,0.2684875609641696,0.2248392489675339,1496.3,1472.2
2024-11-09,Real Madrid,Osasuna,4,0,H,1553.3,1522.7,0.48021612433672417,0.28507836996034347,0.23470550570293236,1560.7,1515.2
2024-11-09,Villarreal,Alaves,3,0,H,1535.4,1472.6,0.5233021286038189,0.25809309464897473,0.21860477674720633,1542.0,1466.0
2024-11-09,Leganes,Sevilla,1,0,H,1474.4,1492.8,0.41449136324442076,0.3262907748294421,0.2592178619261372,1483.2,1484.0
2024-11-10,Sociedad,Barcelona,1,0,H,1494.7,1589.9,0.33149732884792216,0.4061423118033576,0.2623603593487202,1505.7,1578.9
2024-11-10,Valladolid,Ath Bilbao,1,1,D,1447.3,1514.6,0.3542532613747639,0.3693782252472543,0.27636851337798185,1447.5,1514.4
2024-11-10,Betis,Celta,2,2,D,1519.5,1486.8,0.4829759781312757,0.28334577864800203,0.23367824322072228,1516.9,1489.4
2024-11-10,Mallorca,Ath Madrid,0,1,A,1507.1,1540.5,0.3947200197079832,0.3386003344970061,0.26667964579501074,1496.4,1551.3
2024-11-10,Getafe,Girona,0,1,A,1473.9,1489.0,0.4189414896880234,0.32351129517145166,0.25754721514052487,1462.6,1500.3
2024-11-22,Getafe,Valladolid,2,0,H,1462.6,1447.5,0.45940536373933244,0.29814758838376215,0.24244704787690538,1470.5,1439.6
2024-11-23,Valencia,Betis,4,2,H,1457.7,1516.9,0.3610582230962665,0.35935297586688447,0.2795888010368491,1467.7,1506.9
2024-11-23,Ath Madrid,Alaves,2,1,H,1551.3,1466.0,0.5530050724900026,0.23963184440483787,0.2073630831051595,1557.3,1459.9
2024-11-23,Girona,Espanol,4,1,H,1500.3,1459.3,0.49412503233105237,0.27635033861093655,0.22952462905801102,1507.5,1452.2
2024-11-23,Las Palmas,Mallorca,2,3,A,1472.2,1496.4,0.4068383411021146,0.3310637166070939,0.26209794229079153,1461.1,1507.4
2024-11-23,Celta,Barcelona,2,2,D,1489.4,1578.9,0.33625978768602266,0.398488351598771,0.2652518607152063,1490.3,1578.1
2024-11-24,Ath Bilbao,Sociedad,1,0,H,1514.4,1505.7,0.4507640274356566,0.3035731509753402,0.24566282158900324,1522.4,1497.6
2024-11-24,Leganes,Real Madrid,0,3,A,1483.2,1560.7,0.34602871852068817,0.3827265767966355,0.27124470468267625,1473.7,1570.2
2024-11-24,Sevilla,Vallecano,1,0,H,1484.0,1496.3,0.4226341399003388,0.3212028872108793,0.25616297288878187,1492.7,1487.7
2024-11-24,Osasuna,Villarreal,2,2,D,1515.2,1542.0,0.4034401385223604,0.3331799187432404,0.2633799427343992,1514.3,1542.9
2024-11-29,Mallorca,Valencia,2,1,H,1507.4,1467.7,0.4924835891474342,0.27737979799235823,0.23013661286020753,1514.6,1460.5
2024-11-30,Barcelona,Las Palmas,1,2,A,1578.1,1461.1,0.5939747469089158,0.21449529518929508,0.19152995790178912,1563.4,1475.8
2024-11-30,Alaves,Leganes,1,1,D,1459.9,1473.7,0.42070583933822703,0.3224085567604902,0.25688560390128273,1458.6,1475.0
2024-11-30,Espanol,Celta,3,1,H,1452.2,1490.3,0.38844238088156435,0.3424926814518273,0.26906493766660833,1461.5,1480.9
2024-11-30,Valladolid,Ath Madrid,0,5,A,1439.6,1557.3,0.31283391390515963,0.4360007721248174,0.25116531397002295,1431.3,1565.7
2024-12-01,Villarreal,Girona,2,2,D,1542.9,1507.5,0.48679747820634733,0.2809472336969113,0.23225528809674134,1540.3,1510.1
2024-12-01,Real Madrid,Getafe,2,0,H,1570.2,1470.5,0.5718507219701229,0.22801364524241363,0.2001356327874635,1575.9,1464.8
2024-12-01,Vallecano,Ath Bilbao,1,2,A,1487.7,1522.4,0.39296905827762935,0.33968686273929766,0.26734407898307294,1477.0,1533.1
2024-12-01,Sociedad,Betis,2,0,H,1497.6,1506.9,0.4267221743653018,0.3186453506732225,0.2546324749614757,1506.2,1498.3
2024-12-02,Sevilla,Osasuna,1,1,D,1492.7,1514.3,0.4102654775754551,0.3289274844996211,0.26080703792492377,1491.6,1515.4
2024-12-03,Mallorca,Barcelona,1,5,A,1514.6,1563.4,0.3745033831314134,0.3511012827090009,0.2743953341595857,1504.3,1573.7
2024-12-04,Ath Bilbao,Real Madrid,2,1,H,1533.1,1575.9,0.38233802296296104,0.3462688021443875,0.2713931748926514,1542.6,1566.4
2024-12-06,Celta,Mallorca,2,0,H,1480.9,1504.3,0.407938344237341,0.33037826729813524,0.2616833884645238,1489.9,1495.3
2024-12-07,Las Palmas,Valladolid,2,1,H,1475.8,1431.3,0.4989613849250809,0.2733182698045804,0.22772034527033863,1482.9,1424.2
2024-12-07,Betis,Barcelona,2,2,D,1498.3,1573.7,0.34775638062919334,0.3799291125844656,0.2723145067863411,1498.8,1573.3
2024-12-07,Valencia,Vallecano,0,1,A,1460.5,1477.0,0.4170387653823456,0.3247000490224465,0.2582611855952079,1449.2,1488.2
2024-12-07,Girona,Real Madrid,0,3,A,1510.1,1566.4,0.3647987540169938,0.35706295603049576,0.2781382899525104,1500.0,1576.5
2024-12-08,Leganes,Sociedad,0,3,A,1475.0,1506.2,0.3976393491036201,0.33678736399501674,0.2655732869013632,1464.2,1517.0
2024-12-08,Ath Bilbao,Villarreal,2,0,H,1542.6,1540.3,0.4423063154088469,0.30888027704629584,0.24881340754485726,1550.9,1532.0
2024-12-08,Osasuna,Alaves,2,2,D,1515.4,1458.6,0.5152686488642019,0.2631104691333903,0.22162088200240784,1512.1,1461.9
2024-12-08,Ath Madrid,Sevilla,4,3,H,1565.7,1491.6,0.5382972756666232,0.24875336709881316,0.21294935723456368,1572.0,1485.2
2024-12-09,Getafe,Espanol,1,0,H,1464.8,1461.5,0.4434930237907949,0.30813588036106276,0.24837109584814235,1473.0,1453.3
2024-12-13,Valladolid,Valencia,1,0,H,1424.2,1449.2,0.4057510973152559,0.3317410106147884,0.26250789206995573,1433.2,1440.2
2024-12-14,Mallorca,Girona,2,1,H,1495.3,1500.0,0.43283321135907926,0.3148187781936914,0.2523480104472293,1503.8,1491.6
2024-12-14,Sevilla,Celta,1,0,H,1485.2,1489.9,0.43292966972508945,0.31475834865904756,0.25231198161586305,1493.7,1481.4
2024-12-14,Espanol,Osasuna,0,0,D,1453.3,1512.1,0.3615337742913984,0.3590620898651982,0.27940413584340335,1453.3,1512.2
2024-12-14,Vallecano,Real Madrid,3,3,D,1488.2,1576.5,0.33725246253698243,0.39689069498701984,0.2658568424759977,1489.0,1575.7
2024-12-15,Ath Madrid,Getafe,1,0,H,1572.0,1473.0,0.5709052165257336,0.2285944495121346,0.2005003339621319,1577.7,1467.3
2024-12-15,Barcelona,Leganes,0,1,A,1573.3,1464.2,0.5839026317329588,0.22063182380349075,0.1954655444635504,1558.8,1478.7
2024-12-15,Villarreal,Betis,1,2,A,1532.0,1498.8,0.4837905229188141,0.28283447837350917,0.23337499870767672,1519.4,1511.4
2024-12-15,Sociedad,Las Palmas,0,0,D,1517.0,1482.9,0.4849178214124807,0.28212690633132914,0.23295527225619017,1514.4,1485.6
2024-12-15,Alaves,Ath Bilbao,1,1,D,1461.9,1550.9,0.3366657809952271,0.3978350272490159,0.2654991917557569,1462.7,1550.0
2024-12-18,Espanol,Valencia,1,1,D,1453.3,1440.2,0.4566694552487535,0.2998656063516589,0.2434649383995876,1451.2,1442.3
2024-12-18,Villarreal,Vallecano,1,1,D,1519.4,1489.0,0.4799246962100441,0.28526133994685776,0.23481396384309816,1516.9,1491.6
2024-12-20,Girona,Valladolid,3,0,H,1491.6,1433.2,0.5174644626039651,0.26173821578549716,0.2207973216105378,1498.3,1426.5
2024-12-21,Barcelona,Ath Madrid,1,2,A,1558.8,1577.7,0.4138170734730119,0.32671167633726406,0.2594712501897241,1547.6,1588.9
2024-12-21,Getafe,Mallorca,0,1,A,1467.3,1503.8,0.3906010493563526,0.341155226077608,0.26824372456603934,1456.6,1514.4
2024-12-21,Celta,Sociedad,2,0,H,1481.4,1514.4,0.395297425484412,0.33824189255943987,0.2664606819561482,1490.7,1505.1
2024-12-21,Osasuna,Ath Bilbao,1,2,A,1512.2,1550.0,0.3888030143145495,0.3422693167576128,0.2689276689278377,1501.5,1560.7
2024-12-22,Betis,Vallecano,1,1,D,1511.4,1491.6,0.46574293197402006,0.2941674109596556,0.24008965706632435,1509.2,1493.8
2024-12-22,Leganes,Villarreal,2,5,A,1478.7,1516.9,0.3884138798188627,0.34251033280109294,0.26907578738004434,1468.1,1527.5
2024-12-22,Las Palmas,Espanol,1,0,H,1485.6,1451.2,0.48525795030822466,0.2819134288244837,0.23282862086729167,1492.9,1443.9
2024-12-22,Real Madrid,Sevilla,4,2,H,1575.7,1493.7,0.5487686609740471,0.2422547420022105,0.20897659702374236,1581.8,1487.5
2024-12-22,Valencia,Alaves,2,2,D,1442.3,1462.7,0.4118872515578685,0.327915918520496,0.26019682992163556,1441.2,1463.8
2025-01-03,Valencia,Real Madrid,1,2,A,1441.2,1581.8,0.2934502705969743,0.46688476753431757,0.23966496186870806,1433.4,1589.5
2025-01-10,Vallecano,Celta,2,1,H,1493.8,1490.7,0.443388504199827,0.308201446924419,0.24841004887575402,1502.0,1482.5
2025-01-11,Espanol,Leganes,1,1,D,1443.9,1468.1,0.406804481121458,0.33108481263039663,0.26211070624814536,1442.8,1469.1
2025-01-11,Valladolid,Betis,1,0,H,1426.5,1509.2,0.34184266864916296,0.389491724172794,0.26866560717804305,1437.1,1498.5
2025-01-11,Sevilla,Valencia,1,1,D,1487.5,1433.4,0.5117109809814445,0.2653350438238685,0.22295397519468693,1484.4,1436.6
2025-01-11,Alaves,Girona,0,1,A,1463.8,1498.3,0.393217885292662,0.3395324977027754,0.2672496170045627,1453.1,1509.1
2025-01-12,Ath Madrid,Osasuna,1,0,H,1588.9,1501.5,0.5557175425792575,0.23795449581500142,0.20632796160574107,1594.9,1495.5
2025-01-12,Las Palmas,Getafe,1,2,A,1492.9,1456.6,0.48791680802694115,0.2802448268917158,0.23183836508134303,1480.2,1469.3
2025-01-13,Sociedad,Villarreal,1,0,H,1505.1,1527.5,0.4092785536640674,0.3295428620975579,0.2611785842383747,1514.1,1518.6
2025-01-17,Espanol,Valladolid,2,1,H,1442.8,1437.1,0.44678556665462615,0.3060700838212775,0.2471443495240964,1451.0,1429.0
2025-01-18,Girona,Sevilla,1,2,A,1509.1,1484.4,0.47229295865713516,0.2900536642463536,0.23765337709651127,1496.7,1496.8
2025-01-18,Leganes,Ath Madrid,1,0,H,1469.1,1594.9,0.3060330773786956,0.4468445398297995,0.24712238279150486,1481.0,1583.0
2025-01-18,Betis,Alaves,1,3,A,1498.5,1453.1,0.5000975506939993,0.2726062371752087,0.22729621213079204,1485.6,1466.0
2025-01-18,Getafe,Barcelona,1,1,D,1469.3,1547.6,0.3453983414742199,0.38374649282699635,0.27085516569878376,1469.8,1547.1
2025-01-19,Valencia,Sociedad,1,0,H,1436.6,1514.1,0.34607661391488304,0.38264906733073006,0.2712743187543869,1447.1,1503.6
2025-01-19,Osasuna,Vallecano,1,1,D,1495.5,1502.0,0.4304058315794986,0.3163391964034596,0.25325497201704184,1494.0,1503.6
2025-01-19,Real Madrid,Las Palmas,4,1,H,1589.5,1480.2,0.5842514840109561,0.22041876706679847,0.1953297489222454,1595.0,1474.7
2025-01-19,Celta,Ath Bilbao,1,2,A,1482.5,1560.7,0.3454731538432812,0.3836254724812574,0.2709013736754614,1473.0,1570.1
2025-01-20,Villarreal,Mallorca,4,0,H,1518.6,1514.4,0.4446915244753892,0.3073839956336505,0.24792447989096028,1526.8,1506.3
2025-01-24,Las Palmas,Osasuna,1,1,D,1474.7,1494.0,0.41336943991473407,0.3269910580596096,0.2596395020256564,1473.6,1495.2
2025-01-25,Sevilla,Espanol,1,1,D,1496.8,1451.0,0.500593245187471,0.2722956205461354,0.22711113426639362,1493.8,1453.9
2025-01-25,Mallorca,Betis,0,1,A,1506.3,1485.6,0.4669233520124741,0.2934260372268555,0.2396506107606704,1494.0,1497.8
2025-01-25,Ath Madrid,Villarreal,1,1,D,1583.0,1526.8,0.5145907336075433,0.2635342466172725,0.22187501977518415,1579.8,1530.0
2025-01-25,Valladolid,Real Madrid,0,3,A,1429.0,1595.0,0.27208775281186254,0.5009249876602121,0.2269872595279253,1422.0,1602.1
2025-01-26,Sociedad,Getafe,0,3,A,1503.6,1469.8,0.48445258348813847,0.2824189155500799,0.23312850096178162,1490.9,1482.5
2025-01-26,Vallecano,Girona,2,1,H,1503.6,1496.7,0.4483933149284701,0.3050611346430985,0.24654555042843143,1511.7,1488.6
2025-01-26,Ath Bilbao,Leganes,0,0,D,1570.1,1481.0,0.558079719341345,0.23649509954503414,0.20542518111362087,1566.1,1485.0
2025-01-26,Barcelona,Valencia,7,1,H,1547.1,1447.1,0.5721276135781707,0.22784360108341814,0.20002878533841115,1552.8,1441.4
2025-01-27,Alaves,Celta,1,1,D,1466.0,1473.0,0.4298144203442975,0.3167095454681348,0.25347603418756764,1464.5,1474.5
2025-01-31,Leganes,Vallecano,0,1,A,1485.0,1511.7,0.4036040242979522,0.3330779077039702,0.2633180679980775,1474.1,1522.6
2025-02-01,Ath Madrid,Mallorca,2,0,H,1579.8,1494.0,0.5537013579150879,0.23920111856478282,0.20709752352012928,1585.8,1487.9
2025-02-01,Villarreal,Valladolid,5,1,H,1530.0,1422.0,0.582550632210177,0.22145787694439945,0.19599149084542355,1535.5,1416.5
2025-02-01,Espanol,Real Madrid,1,0,H,1453.9,1602.1,0.28714602924103766,0.47692307479391133,0.23593089596505107,1466.4,1589.6
2025-02-01,Getafe,Sevilla,0,0,D,1482.5,1493.8,0.42394181182045476,0.32038500277662174,0.25567318540292344,1481.1,1495.2
2025-02-02,Valencia,Celta,2,1,H,1441.4,1474.5,0.3950815464853135,0.3383759141244786,0.26654253939020794,1450.6,1465.3
2025-02-02,Barcelona,Alaves,1,0,H,1552.8,1464.5,0.5568798455029182,0.23723624593592338,0.2058839085611584,1558.7,1458.5
2025-02-02,Osasuna,Sociedad,2,1,H,1495.2,1490.9,0.4448231035076169,0.3073014435773589,0.24787545291502422,1503.3,1482.8
2025-02-02,Betis,Ath Bilbao,2,2,D,1497.8,1566.1,0.35346335725483796,0.37066379721683884,0.2758728455283232,1498.1,1565.9
2025-02-03,Girona,Las Palmas,2,1,H,1488.6,1473.6,0.4592685711023127,0.29823349159530477,0.24249793730238256,1496.4,1465.7
2025-02-07,Vallecano,Valladolid,1,0,H,1522.6,1416.5,0.5801804552579144,0.222907303850274,0.19691224089181164,1528.2,1410.9
2025-02-08,Celta,Betis,3,2,H,1465.3,1498.1,0.39545952406505436,0.33814125242720894,0.2663992235077367,1474.5,1488.9
2025-02-08,Ath Bilbao,Girona,3,0,H,1565.9,1496.4,0.5320916899339716,0.252614090918373,0.21529421914765545,1572.3,1490.0
2025-02-08,Las Palmas,Villarreal,1,2,A,1465.7,1535.5,0.35222998425633945,0.37266952765783334,0.27510048808582727,1456.0,1545.2
2025-02-08,Real Madrid,Ath Madrid,1,1,D,1589.6,1585.8,0.44418476131404133,0.30770192660536616,0.24811331208059245,1587.8,1587.6
2025-02-09,Alaves,Getafe,0,1,A,1458.5,1481.1,0.4090674302368819,0.3296744834063013,0.2612580863568168,1447.5,1492.1
2025-02-09,Valencia,Leganes,2,0,H,1450.6,1474.1,0.4078490321105744,0.33043392838069935,0.2617170395087263,1459.6,1465.1
2025-02-09,Sociedad,Espanol,2,1,H,1482.8,1466.4,0.46106724988474473,0.2971039267375532,0.2418288233777021,1490.6,1458.6
2025-02-09,Sevilla,Barcelona,1,4,A,1495.2,1558.7,0.3572106414956565,0.36455774722354495,0.2782316112807986,1485.3,1568.6
2025-02-10,Mallorca,Osasuna,1,1,D,1487.9,1503.3,0.41852176942052377,0.323773563965735,0.25770466661374125,1486.7,1504.6
2025-02-14,Girona,Getafe,1,2,A,1490.0,1492.1,0.43626556709154446,0.312667947704862,0.25106648520359354,1478.4,1503.8
2025-02-15,Villarreal,Valencia,1,1,D,1545.2,1459.6,0.5534467537348622,0.23935860582942686,0.2071946404357109,1541.2,1463.6
2025-02-15,Ath Madrid,Celta,1,1,D,1587.6,1474.5,0.5891106950661446,0.2174548619376032,0.19343444299625223,1583.0,1479.1
2025-02-15,Leganes,Alaves,3,3,D,1465.1,1447.5,0.4628333646277397,0.2959947619773331,0.24117187339492718,1462.9,1449.7
2025-02-15,Osasuna,Real Madrid,1,1,D,1504.6,1587.8,0.3414551931113651,0.390117048392015,0.2684277584966199,1505.3,1587.1
2025-02-16,Espanol,Ath Bilbao,1,1,D,1458.6,1572.3,0.31614970445115154,0.43070840986393016,0.2531418856849183,1460.1,1570.8
2025-02-16,Valladolid,Sevilla,0,4,A,1410.9,1485.3,0.3485468146405044,0.3786481235275639,0.2728050618319317,1401.3,1494.9
2025-02-16,Mallorca,Las Palmas,3,1,H,1486.7,1456.0,0.480352350511395,0.2849928428276163,0.23465480666098873,1494.1,1448.5
2025-02-16,Betis,Sociedad,3,0,H,1488.9,1490.6,0.4367957506789168,0.3123356255715986,0.25086862374948465,1497.2,1482.3
2025-02-17,Barcelona,Vallecano,1,0,H,1568.6,1528.2,0.4934468982842679,0.27677561995527733,0.22977748176045476,1575.8,1521.0
2025-02-21,Celta,Osasuna,1,0,H,1479.1,1505.3,0.4041990932095215,0.33270746476630675,0.2630934420241718,1488.1,1496.3
2025-02-22,Las Palmas,Barcelona,0,2,A,1448.5,1575.8,0.3047412575373424,0.4489029912542222,0.24635575120843545,1440.4,1583.9
2025-02-22,Vallecano,Villarreal,0,1,A,1521.0,1541.2,0.4120767172076881,0.3277977140793934,0.26012556871291853,1509.9,1552.4
2025-02-22,Alaves,Espanol,0,1,A,1449.7,1460.1,0.42515215879565804,0.31962780772237187,0.2552200334819701,1438.3,1471.5
2025-02-22,Valencia,Ath Madrid,0,3,A,1463.6,1583.0,0.3113297445521348,0.4384003011461713,0.25026995430169396,1455.3,1591.3
2025-02-23,Sociedad,Leganes,3,0,H,1482.3,1462.9,0.4650775569126494,0.294585304075752,0.24033713901159856,1490.0,1455.2
2025-02-23,Ath Bilbao,Valladolid,7,1,H,1570.8,1401.3,0.6588534749635204,0.17586728258293746,0.16527924245354203,1575.0,1397.1
2025-02-23,Getafe,Betis,1,2,A,1503.8,1497.2,0.4479686413821903,0.30532765336835643,0.2467037052494533,1491.9,1509.1
2025-02-23,Real Madrid,Girona,2,0,H,1587.1,1478.4,0.5834931536635587,0.22088195267762237,0.19562489365881894,1592.6,1472.9
2025-02-24,Sevilla,Mallorca,1,1,D,1494.9,1494.1,0.4401552709662209,0.3102293373858008,0.24961539164797833,1493.1,1495.8
2025-02-28,Valladolid,Las Palmas,1,1,D,1397.1,1440.4,0.381621418974337,0.3467114840455465,0.27166709698011654,1396.6,1440.9
2025-03-01,Girona,Celta,2,2,D,1472.9,1488.1,0.4187060906887667,0.32365839086501774,0.2576355184462156,1471.6,1489.4
2025-03-01,Vallecano,Sevilla,1,1,D,1509.9,1493.1,0.4615581286647295,0.2967956467766369,0.24164622455863358,1507.7,1495.3
2025-03-01,Betis,Real Madrid,2,1,H,1509.1,1592.6,0.34115921462931925,0.39059461433275294,0.2682461710379278,1519.8,1581.9
2025-03-01,Ath Madrid,Ath Bilbao,1,0,H,1591.3,1575.0,0.46107882734943983,0.2970966559417555,0.24182451670880462,1599.2,1567.1
2025-03-02,Osasuna,Valencia,3,3,D,1496.3,1455.3,0.4942003312463619,0.2763031180147912,0.22949655073884687,1493.4,1458.1
2025-03-02,Barcelona,Sociedad,4,0,H,1583.9,1490.0,0.5642651078392384,0.23267979633570818,0.20305509582505332,1589.7,1484.2
2025-03-02,Leganes,Getafe,1,0,H,1455.2,1491.9,0.390294699165468,0.34134509746896546,0.2683602033655666,1464.5,1482.6
2025-03-02,Mallorca,Alaves,1,1,D,1495.8,1438.3,0.516375195291963,0.26241886770496703,0.22120593700306998,1492.6,1441.5
2025-03-08,Alaves,Villarreal,1,0,H,1441.5,1552.4,0.31853212614324683,0.42690308426277807,0.2545647895939751,1453.0,1540.9
2025-03-08,Valencia,Valladolid,2,1,H,1458.1,1396.6,0.5215283539281462,0.25920017344720664,0.21927147262464725,1464.7,1390.0
2025-03-08,Celta,Leganes,2,1,H,1489.4,1464.5,0.472582651154125,0.2898717309381683,0.23754561790770665,1497.0,1456.9
2025-03-09,Getafe,Ath Madrid,2,1,H,1482.6,1599.2,0.3137334672018441,0.4345653899582042,0.2517011428399517,1494.2,1587.5
2025-03-09,Real Madrid,Vallecano,2,1,H,1581.9,1507.7,0.538477678997661,0.24864123223688975,0.21288108876544926,1588.2,1501.4
2025-03-09,Ath Bilbao,Mallorca,1,1,D,1567.1,1492.6,0.5388964555591647,0.24838095230157237,0.2127225921392631,1563.4,1496.3
2025-03-09,Betis,Las Palmas,1,0,H,1519.8,1440.9,0.5445584600875131,0.24486507319114964,0.2105764667213373,1526.0,1434.7
2025-03-09,Sociedad,Sevilla,0,1,A,1484.2,1495.3,0.42420520741932827,0.32022023680703376,0.25557455577363797,1472.8,1506.7
2025-03-10,Espanol,Girona,1,1,D,1471.5,1471.6,0.43905109661442077,0.31092170774728856,0.2500271956382907,1469.8,1473.3
2025-03-14,Las Palmas,Alaves,2,2,D,1434.7,1453.0,0.41473221653883985,0.32614041431074914,0.25912736915041107,1433.5,1454.2
2025-03-15,Mallorca,Espanol,2,1,H,1496.3,1469.8,0.4746569704487696,0.28856905169339314,0.2367739778578373,1503.8,1462.3
2025-03-15,Villarreal,Real Madrid,1,2,A,1540.9,1588.2,0.37643477438196915,0.3499115237225461,0.2736537018954847,1530.6,1598.6
2025-03-15,Girona,Valencia,1,1,D,1473.3,1464.7,0.45062231022886495,0.30366210738938154,0.24571558238175353,1471.3,1466.7
2025-03-15,Valladolid,Celta,0,1,A,1390.0,1497.0,0.3217380665729721,0.42177828778349585,0.256483645643532,1381.3,1505.7
2025-03-16,Leganes,Betis,2,3,A,1456.9,1526.0,0.35281497836569775,0.37171843992188625,0.275466581712416,1447.2,1535.7
2025-03-16,Sevilla,Ath Bilbao,0,1,A,1506.7,1563.4,0.3642159141281457,0.357420079951705,0.27836400592014937,1496.6,1573.5
2025-03-16,Osasuna,Getafe,1,2,A,1493.4,1494.2,0.43812461877959363,0.31150258242393647,0.2503727987964699,1481.7,1505.9
2025-03-16,Vallecano,Sociedad,2,2,D,1501.4,1472.8,0.4775308563844142,0.2867643880413732,0.23570475557421255,1498.9,1475.3
2025-03-16,Ath Madrid,Barcelona,2,4,A,1587.5,1589.7,0.43618408812709747,0.3127190171078719,0.2510968947650306,1575.9,1601.4
2025-03-27,Barcelona,Osasuna,3,0,H,1601.4,1481.7,0.5974176744151649,0.21240499418778963,0.19017733139704548,1606.6,1476.5
2025-03-29,Real Madrid,Leganes,3,2,H,1598.6,1447.2,0.6370954396013443,0.1886254170638579,0.17427914333479774,1603.2,1442.6
2025-03-29,Alaves,Vallecano,0,2,A,1454.2,1498.9,0.37982966756026154,0.3478177586808872,0.27235257375885125,1443.7,1509.3
2025-03-29,Sociedad,Valladolid,2,1,H,1475.3,1381.3,0.5643314684971931,0.23263891312010734,0.20302961838269962,1481.1,1375.5
2025-03-29,Espanol,Ath Madrid,1,1,D,1462.3,1575.9,0.3162131959148372,0.43060702915423527,0.25317977493092747,1463.8,1574.4
2025-03-30,Getafe,Villarreal,1,2,A,1505.9,1530.6,0.40617127886846016,0.3314792846253326,0.26234943650620723,1494.9,1541.6
2025-03-30,Barcelona,Girona,4,1,H,1606.6,1471.3,0.6171313219315872,0.20051487620978342,0.1823538018586295,1611.5,1466.4
2025-03-30,Ath Bilbao,Osasuna,0,0,D,1573.5,1476.5,0.5683652358080051,0.23015585860010326,0.20147890559189163,1569.3,1480.7
2025-03-30,Valencia,Mallorca,1,0,H,1466.7,1503.8,0.38971273612548724,0.3417057311204866,0.2685815327540262,1476.0,1494.5
2025-03-30,Betis,Sevilla,2,1,H,1535.7,1496.6,0.49162092465596546,0.2779209043469791,0.2304581709970554,1542.9,1489.4
2025-03-31,Celta,Las Palmas,1,1,D,1505.7,1433.5,0.5357225042230397,0.250354420875123,0.21392307490183737,1502.0,1437.1
2025-04-04,Vallecano,Espanol,0,4,A,1509.3,1463.8,0.5002485219555376,0.2725116319609156,0.22723984608354683,1496.4,1476.7
2025-04-05,Mallorca,Celta,1,2,A,1494.5,1502.0,0.42901180573720776,0.3172120952462466,0.2537760990165456,1483.0,1513.5
2025-04-05,Girona,Alaves,0,1,A,1466.4,1443.7,0.4696311461946415,0.29172538718860386,0.23864346661675462,1454.1,1456.1
2025-04-05,Real Madrid,Valencia,1,2,A,1603.2,1476.0,0.6069276816956201,0.2066518485760915,0.1864204697282884,1588.3,1490.9
2025-04-05,Barcelona,Betis,1,1,D,1611.5,1542.9,0.5310279141784147,0.25327655718135955,0.21569552864022573,1608.0,1546.5
2025-04-06,Valladolid,Getafe,0,4,A,1375.5,1494.9,0.3114115955932704,0.4382697470960705,0.250318657310659,1367.2,1503.2
2025-04-06,Villarreal,Ath Bilbao,0,0,D,1541.6,1569.3,0.4021614966916964,0.3339756422661329,0.26386286104217077,1540.7,1570.2
2025-04-06,Las Palmas,Sociedad,1,3,A,1437.1,1481.1,0.38080233469314967,0.34721731172156006,0.27198035358529027,1426.7,1491.6
2025-04-06,Sevilla,Ath Madrid,1,2,A,1489.4,1574.4,0.33996977001983675,0.3925129726618972,0.2675172573182661,1480.1,1583.6
2025-04-07,Leganes,Osasuna,1,1,D,1442.6,1480.7,0.38842943912929867,0.3425006965935586,0.2690698642771428,1442.0,1481.4
2025-04-11,Valencia,Sevilla,1,0,H,1490.9,1480.1,0.4536403088780169,0.3017675198977965,0.2445921712241866,1498.9,1472.1
2025-04-12,Celta,Espanol,0,2,A,1513.5,1476.7,0.488561572165955,0.2798402520724366,0.23159817576160835,1500.8,1489.5
2025-04-12,Leganes,Barcelona,0,1,A,1442.0,1608.0,0.2720816749488492,0.500934687736243,0.22698363731490795,1434.9,1615.0
2025-04-12,Sociedad,Mallorca,0,2,A,1491.6,1483.0,0.45063615639019483,0.3036534161416251,0.24571042746818003,1479.6,1494.9
2025-04-12,Getafe,Las Palmas,1,3,A,1503.2,1426.7,0.5414322053757095,0.2468056071558895,0.2117621874684011,1489.4,1440.4
2025-04-13,Osasuna,Girona,2,1,H,1481.4,1454.1,0.4757439482188414,0.2878864587632453,0.23636959301791322,1488.9,1446.6
2025-04-13,Alaves,Real Madrid,0,1,A,1456.1,1588.3,0.3006067777725867,0.45548905832916353,0.24390416389824976,1448.1,1596.2
2025-04-13,Betis,Villarreal,1,2,A,1546.5,1540.7,0.44693030958537683,0.30597925539227744,0.2470904350223457,1534.6,1552.5
2025-04-13,Ath Bilbao,Vallecano,3,1,H,1570.2,1496.4,0.5379895633400684,0.2489446480127768,0.21306578864715472,1576.6,1490.0
2025-04-14,Ath Madrid,Valladolid,4,2,H,1583.6,1367.2,0.7061978976892094,0.14380210231079057,0.15,1587.0,1363.8
2025-04-18,Espanol,Getafe,1,0,H,1489.5,1489.4,0.43916105005871936,0.3108527657531544,0.24998618418812626,1497.7,1481.1
2025-04-19,Las Palmas,Ath Madrid,1,0,H,1440.4,1587.0,0.28843782130170753,0.4748659418885956,0.2366962368096969,1452.9,1574.6
2025-04-19,Barcelona,Celta,4,3,H,1615.0,1500.8,0.5904952489116511,0.21661166464251633,0.19289308644583256,1620.4,1495.5
2025-04-19,Vallecano,Valencia,1,1,D,1490.0,1498.9,0.4272263733581251,0.31832978292740977,0.2544438437144652,1488.6,1500.4
2025-04-19,Mallorca,Leganes,0,0,D,1494.9,1434.9,0.5196076313912794,0.2603994576931019,0.21999291091561862,1491.6,1438.2
2025-04-20,Valladolid,Osasuna,2,3,A,1363.8,1488.9,0.3065842410743397,0.4459661780286276,0.24744958089703278,1355.7,1497.0
2025-04-20,Villarreal,Sociedad,2,2,D,1552.5,1479.6,0.5367131981968003,0.2497382455379817,0.21354855626521796,1548.9,1483.3
2025-04-20,Sevilla,Alaves,1,1,D,1472.1,1448.1,0.4713864398939808,0.2906229852587135,0.23799057484730568,1469.8,1450.5
2025-04-20,Real Madrid,Ath Bilbao,1,0,H,1596.2,1576.6,0.46550888659636486,0.29431440488961597,0.24017670851401923,1603.9,1568.8
2025-04-21,Girona,Betis,1,3,A,1446.6,1534.6,0.33745540225091925,0.3965639718756818,0.265980625873399,1437.4,1543.8
2025-04-22,Valencia,Espanol,1,1,D,1500.4,1497.7,0.4426668738594383,0.30865411623311184,0.2486790099074498,1498.6,1499.5
2025-04-22,Barcelona,Mallorca,1,0,H,1620.4,1491.6,0.6089792784854439,0.2054148550811854,0.18560586643337074,1625.4,1486.6
2025-04-23,Ath Bilbao,Las Palmas,1,0,H,1568.8,1452.9,0.5927041271907785,0.21526769212695251,0.19202818068226898,1574.1,1447.5
2025-04-23,Celta,Villarreal,3,0,H,1495.5,1548.9,0.3684936465000983,0.35479649112878064,0.2767098623711211,1505.3,1539.1
2025-04-23,Getafe,Real Madrid,0,1,A,1481.1,1603.9,0.30850798381386385,0.4428998392021403,0.24859217698399577,1472.9,1612.2
2025-04-23,Alaves,Sociedad,1,0,H,1450.5,1483.3,0.3954720110315578,0.33813349957153116,0.266394489396911,1459.7,1474.1
2025-04-24,Leganes,Girona,1,1,D,1438.2,1437.4,0.440307439606258,0.3101339132756707,0.24955864711807127,1436.5,1439.1
2025-04-24,Osasuna,Sevilla,1,0,H,1497.0,1469.8,0.47578747722797926,0.28785912424677756,0.23635339852524317,1504.6,1462.2
2025-04-24,Ath Madrid,Vallecano,3,0,H,1574.6,1488.6,0.5539768217325248,0.23903074435324892,0.20699243391422628,1580.6,1482.5
2025-04-24,Betis,Valladolid,5,1,H,1543.8,1355.7,0.680873532763457,0.16319721114275734,0.15592925609378577,1547.7,1351.8
2025-04-27,Villarreal,Espanol,1,0,H,1539.1,1499.5,0.4922325037800929,0.2775372863476941,0.23023020987221302,1546.3,1492.3
2025-05-02,Vallecano,Getafe,1,0,H,1482.5,1472.9,0.45203712714194505,0.3027739832203648,0.2451888896376902,1490.6,1464.9
2025-05-03,Alaves,Ath Madrid,0,0,D,1459.7,1580.6,0.31010401723659164,0.4403551129555745,0.24954086980783385,1461.4,1578.9
2025-05-03,Villarreal,Osasuna,4,2,H,1546.3,1504.6,0.4951127856611313,0.27573094180802676,0.2291562725308419,1553.4,1497.4
2025-05-03,Las Palmas,Valencia,2,3,A,1447.5,1498.6,0.37155189700787483,0.3529173882688488,0.27553071472327634,1437.3,1508.9
2025-05-03,Valladolid,Barcelona,1,2,A,1351.8,1625.4,0.18702169679540198,0.6398101265339411,0.173168176670657,1347.3,1630.0
2025-05-04,Sociedad,Ath Bilbao,0,0,D,1474.1,1574.1,0.32751713034812713,0.41252641899693804,0.2599564506549348,1475.2,1573.0
2025-05-04,Real Madrid,Celta,3,2,H,1612.2,1505.3,0.5811084911480766,0.22233959218220464,0.19655191666971872,1617.7,1499.7
2025-05-04,Espanol,Betis,1,2,A,1492.3,1547.7,0.36600018862598527,0.3563264588437266,0.2776733525302882,1482.2,1557.8
2025-05-04,Sevilla,Leganes,2,2,D,1462.2,1436.5,0.47365013849726234,0.2892013361910627,0.23714852531167493,1459.8,1438.9
2025-05-05,Girona,Mallorca,1,0,H,1439.1,1486.6,0.3762211647266058,0.35004316067457425,0.27373567459882,1448.7,1476.9
2025-05-09,Las Palmas,Vallecano,0,1,A,1437.3,1490.6,0.36866494306111947,0.3546913145300235,0.276643742408857,1427.1,1500.8
2025-05-10,Valencia,Getafe,3,0,H,1508.9,1464.9,0.4981526281313539,0.2738251805174788,0.22802219135116733,1515.9,1457.8
2025-05-10,Celta,Sevilla,3,2,H,1499.7,1459.8,0.49275972627946285,0.2772066011798128,0.23003367254072432,1506.9,1452.6
2025-05-10,Girona,Villarreal,0,1,A,1448.7,1553.4,0.32369113666157134,0.41865368556711563,0.2576551777713129,1440.0,1562.1
2025-05-10,Mallorca,Valladolid,2,1,H,1476.9,1347.3,0.6100885638722924,0.20474665142437554,0.1851647847033321,1482.0,1342.2
2025-05-10,Ath Madrid,Sociedad,4,0,H,1578.9,1475.2,0.5769641815089765,0.22487669791199813,0.1981591205790253,1584.5,1469.6
2025-05-11,Leganes,Espanol,3,2,H,1438.9,1482.2,0.381733466733341,0.3466422752298734,0.2716242580367855,1448.4,1472.7
2025-05-11,Barcelona,Real Madrid,4,3,H,1630.0,1617.7,0.4556024125562434,0.30053560442773924,0.24386198301601736,1637.9,1609.7
2025-05-11,Ath Bilbao,Alaves,1,0,H,1573.0,1461.4,0.5870924216289812,0.21868505314198633,0.19422252522903252,1578.4,1456.0
2025-05-11,Betis,Osasuna,1,1,D,1557.8,1497.4,0.5200690007651881,0.26011133666255354,0.2198196625722584,1554.5,1500.8
2025-05-13,Sociedad,Celta,0,1,A,1469.6,1506.9,0.3894796824701731,0.34185012928657815,0.26867018824324873,1458.9,1517.6
2025-05-13,Valladolid,Girona,0,1,A,1342.2,1440.0,0.32942691201818086,0.4094645303650942,0.26110855761672486,1333.3,1448.9
2025-05-13,Sevilla,Las Palmas,1,0,H,1452.6,1427.1,0.47339155582333403,0.2893637275033327,0.23724471667333322,1460.2,1419.5
2025-05-14,Alaves,Valencia,1,0,H,1456.0,1515.9,0.3600726422374964,0.35995559676732186,0.2799717609951818,1466.0,1506.0
2025-05-14,Villarreal,Leganes,3,0,H,1562.1,1448.4,0.5898388857145165,0.21701131760937586,0.19314979667610763,1567.5,1443.1
2025-05-14,Real Madrid,Mallorca,2,1,H,1609.7,1482.0,0.607722789810392,0.2061722659423652,0.18610494424724278,1614.8,1476.9
2025-05-15,Vallecano,Betis,2,2,D,1500.8,1554.5,0.3681292634278106,0.3550201936385433,0.276850542933646,1500.6,1554.6
2025-05-15,Osasuna,Ath Madrid,2,0,H,1500.8,1584.5,0.34098177193913715,0.39088088112950115,0.2681373469313617,1511.4,1573.8
2025-05-15,Espanol,Barcelona,0,2,A,1472.7,1637.9,0.2727298902261229,0.49990022945693263,0.22736988031694447,1465.6,1645.0
2025-05-15,Getafe,Ath Bilbao,0,2,A,1457.8,1578.4,0.3103622448318383,0.43994332480058207,0.2496944303675796,1449.5,1586.7
2025-05-18,Valladolid,Alaves,0,1,A,1333.3,1466.0,0.3001894010078662,0.4561537846414547,0.24365681435067918,1325.4,1473.9
2025-05-18,Valencia,Ath Bilbao,0,1,A,1506.0,1586.7,0.3434124421462766,0.38695686349229913,0.2696306943614243,1496.5,1596.1
2025-05-18,Sociedad,Girona,3,2,H,1458.9,1448.9,0.45255055013706713,0.3024516715016029,0.2449977783613299,1467.0,1440.9
2025-05-18,Sevilla,Real Madrid,0,2,A,1460.2,1614.8,0.2816727696340897,0.48564139759217606,0.23268583277373422,1452.8,1622.2
2025-05-18,Osasuna,Espanol,2,0,H,1511.4,1465.6,0.5006842793013123,0.27223857820097963,0.22707714249770802,1518.5,1458.6
2025-05-18,Mallorca,Getafe,1,2,A,1476.9,1449.5,0.47587341904032654,0.28780515627448067,0.23632142468519285,1464.4,1462.0
2025-05-18,Las Palmas,Leganes,0,1,A,1419.5,1443.1,0.40766839427051266,0.33054650133417124,0.26178510439531605,1408.5,1454.1
2025-05-18,Celta,Vallecano,1,2,A,1517.6,1500.6,0.4619551342080423,0.29654631817527527,0.24149854761668238,1505.4,1512.8
2025-05-18,Barcelona,Villarreal,2,3,A,1645.0,1567.5,0.5427205466932292,0.24600567935674375,0.21127377395002706,1631.2,1581.3
2025-05-18,Ath Madrid,Betis,4,1,H,1573.8,1554.6,0.46486228686794917,0.2947205053638494,0.24041720776820139,1581.6,1546.9
2025-05-23,Betis,Valencia,1,1,D,1546.9,1496.5,0.5066914489116171,0.26847613023073547,0.22483242085764746,1543.8,1499.6
2025-05-24,Real Madrid,Sociedad,2,0,H,1622.2,1467.0,0.6416868203972503,0.1859149436309137,0.17239823597183593,1626.6,1462.5
2025-05-24,Espanol,Las Palmas,2,0,H,1458.6,1408.5,0.5063797363075033,0.2686712788455923,0.22494898484690443,1465.5,1401.5
2025-05-24,Leganes,Valladolid,3,0,H,1454.1,1325.4,0.6089108308011077,0.2054561006997256,0.1856330684991666,1459.2,1320.3
2025-05-24,Alaves,Osasuna,1,1,D,1473.9,1518.5,0.38003419926117094,0.34769151769504875,0.2722742830437803,1473.5,1518.9
2025-05-24,Getafe,Celta,1,2,A,1462.0,1505.4,0.38152787489616585,0.3467692611807887,0.2717028639230454,1451.5,1515.9
2025-05-24,Vallecano,Mallorca,0,0,D,1512.8,1464.4,0.5040128295816153,0.27015340089147616,0.22583376952690848,1509.7,1467.4
2025-05-25,Girona,Ath Madrid,0,4,A,1440.9,1581.6,0.29347085942695106,0.4668519859081117,0.23967715466493716,1433.2,1589.3
2025-05-25,Ath Bilbao,Barcelona,0,3,A,1596.1,1631.2,0.39239379534600705,0.3400436875360652,0.2675625171179278,1585.4,1641.9
2025-05-25,Villarreal,Sevilla,4,2,H,1581.3,1452.8,0.6085505676233695,0.20567321807910818,0.18577621429752234,1586.3,1447.8
2025-08-15,Girona,Vallecano,1,3,A,1433.2,1509.7,0.34681633747920515,0.38145165331911624,0.2717320092016786,1423.7,1519.3
2025-08-15,Villarreal,Oviedo,2,0,H,1586.3,1500.0,0.5544057451588017,0.238765488551828,0.2068287662893703,1592.4,1494.0
2025-08-16,Valencia,Sociedad,1,1,D,1499.6,1462.5,0.4890430994922881,0.2795381196620498,0.23141878084566214,1496.9,1465.2
2025-08-16,Mallorca,Barcelona,0,3,A,1467.4,1641.9,0.26500664080751707,0.5122360328409206,0.2227573263515624,1460.6,1648.8
2025-08-16,Alaves,Levante,2,1,H,1473.5,1500.0,0.40378203894704545,0.33296709657054624,0.26325086448240825,1482.5,1491.0
2025-08-17,Espanol,Ath Madrid,2,1,H,1465.5,1589.3,0.307680778859816,0.4442184703477267,0.24810075079245725,1477.3,1577.5
2025-08-17,Celta,Getafe,0,2,A,1515.9,1451.5,0.5253888582852796,0.25679126432784655,0.21781987738687386,1502.4,1465.0
2025-08-17,Ath Bilbao,Sevilla,3,2,H,1585.4,1447.8,0.6199940622412069,0.19880011677226486,0.18120582098652827,1590.2,1442.9
2025-08-18,Elche,Betis,1,1,D,1500.0,1543.8,0.38099953489719635,0.3470955460439649,0.27190491905883873,1499.5,1544.3
2025-08-19,Real Madrid,Osasuna,1,0,H,1626.6,1518.9,0.5821582645747692,0.2216977081687438,0.19614402725648702,1632.2,1513.4
2025-08-22,Betis,Alaves,1,0,H,1544.3,1482.5,0.5219027195098509,0.25896648129300287,0.21913079919714623,1550.9,1475.9
2025-08-23,Mallorca,Celta,1,1,D,1460.6,1502.4,0.38360869845325907,0.34548352292544915,0.2709077786212918,1460.1,1503.0
2025-08-23,Ath Madrid,Elche,1,1,D,1577.5,1499.5,0.5433606503494834,0.24560835809154133,0.2110309915589752,1573.7,1503.3
2025-08-23,Levante,Barcelona,2,3,A,1491.0,1648.8,0.2790082974992763,0.4898875611539609,0.23110414134676277,1483.7,1656.0
2025-08-24,Osasuna,Valencia,1,0,H,1513.4,1496.9,0.4613125835500994,0.29694985361192716,0.24173756283797346,1521.3,1489.1
2025-08-24,Sociedad,Espanol,2,2,D,1465.2,1477.3,0.42290714691165904,0.32103215199600915,0.2560607010923318,1463.8,1478.7
2025-08-24,Villarreal,Girona,5,0,H,1592.4,1423.7,0.6579488481430721,0.17639320687105955,0.16565794498586833,1596.6,1419.5
2025-08-24,Oviedo,Real Madrid,0,3,A,1494.0,1632.2,0.2955491899155409,0.463542828766056,0.24090798131840305,1486.2,1640.0
2025-08-25,Ath Bilbao,Vallecano,1,0,H,1590.2,1519.3,0.5341577411964715,0.2513279918969784,0.21451426690655004,1596.6,1512.9
2025-08-25,Sevilla,Getafe,1,2,A,1442.9,1465.0,0.40972958389922914,0.3292616504686608,0.26100876563211,1431.8,1476.0
2025-08-27,Celta,Betis,1,1,D,1503.0,1550.9,0.37561002158618123,0.3504197079613732,0.2739702704524456,1502.6,1551.3
2025-08-29,Valencia,Getafe,3,0,H,1489.1,1476.0,0.4566037423892389,0.29990686851995746,0.2434893890908037,1497.0,1468.1
2025-08-29,Elche,Levante,2,0,H,1503.3,1483.7,0.4654522913023685,0.2943499499501691,0.24019775874746235,1511.1,1476.0
2025-08-30,Real Madrid,Mallorca,2,1,H,1640.0,1460.1,0.6711782890329396,0.16874375109594192,0.16007795987111834,1644.0,1456.1
2025-08-30,Alaves,Ath Madrid,1,1,D,1475.9,1573.7,0.3294176204158837,0.4094794331225291,0.2611029464615873,1477.0,1572.6
2025-08-30,Oviedo,Sociedad,1,0,H,1486.2,1463.8,0.46918030234536945,0.2920085409513232,0.23881115670330738,1493.9,1456.1
2025-08-30,Girona,Sevilla,0,2,A,1419.5,1431.8,0.4225413078768168,0.3212609411166573,0.2561977510065259,1408.1,1443.2
2025-08-31,Celta,Villarreal,1,1,D,1502.6,1596.6,0.332577609130783,0.4044076652348814,0.26301472563433564,1503.6,1595.6
2025-08-31,Betis,Ath Bilbao,1,2,A,1551.3,1596.6,0.37894947651340544,0.3483609040023979,0.2726896194841967,1540.8,1607.1
2025-08-31,Espanol,Osasuna,1,0,H,1478.7,1521.3,0.3826117492092063,0.34609967334559183,0.2712885774452018,1488.2,1511.8
2025-08-31,Vallecano,Barcelona,1,1,D,1512.9,1656.0,0.29135998051317324,0.47021295828265264,0.23842706120417417,1515.2,1653.7
2025-09-12,Sevilla,Elche,2,2,D,1443.2,1511.1,0.3537867606545774,0.3701375541583174,0.2760756851871052,1443.4,1510.8
2025-09-13,Getafe,Oviedo,2,0,H,1468.1,1493.9,0.4047748903571976,0.33234895808647436,0.262876151556328,1477.1,1484.8
2025-09-13,Sociedad,Real Madrid,1,2,A,1456.1,1644.0,0.25392319678469255,0.5299898359878248,0.2160869672274827,1449.7,1650.4
2025-09-13,Ath Bilbao,Alaves,0,1,A,1607.1,1477.0,0.6105871068725925,0.20444648807726004,0.18496640505014741,1592.1,1492.0
2025-09-13,Ath Madrid,Villarreal,2,0,H,1572.6,1595.6,0.4084227739465564,0.33007633776425976,0.2615008882891839,1581.6,1586.7
2025-09-14,Barcelona,Valencia,6,0,H,1653.7,1497.0,0.6434710883915185,0.1848641701807749,0.17166474142770655,1658.1,1492.5
2025-09-14,Celta,Girona,1,1,D,1503.6,1408.1,0.5663692193244583,0.23138403218969428,0.20224674848584745,1499.4,1412.3
2025-09-14,Levante,Betis,2,2,D,1476.0,1540.8,0.35614757992679363,0.36629187844003064,0.2775605416331756,1476.1,1540.7
2025-09-14,Osasuna,Vallecano,2,0,H,1511.8,1515.2,0.4344886537375562,0.3137815526747091,0.2517297935877347,1520.1,1506.8
2025-09-15,Espanol,Mallorca,3,2,H,1488.2,1456.1,0.48222682474248585,0.28381605611640487,0.2339571191411093,1495.6,1448.7
2025-09-19,Betis,Sociedad,3,1,H,1540.7,1449.7,0.5605364029986609,0.23497867233290098,0.20448492466843804,1546.6,1443.8
2025-09-20,Valencia,Ath Bilbao,2,0,H,1492.5,1592.1,0.32796749837132705,0.41180457325406894,0.26022792837460407,1503.7,1580.9
2025-09-20,Villarreal,Osasuna,2,1,H,1586.7,1520.1,0.5282801394190401,0.25498857347633935,0.21673128710462064,1593.2,1513.6
2025-09-20,Girona,Levante,0,4,A,1412.3,1476.1,0.35699590504286444,0.36490816402607335,0.2780959309310622,1402.4,1486.0
2025-09-20,Real Madrid,Espanol,2,0,H,1650.4,1495.6,0.6412720273408195,0.18615942576295344,0.1725685468962271,1654.9,1491.1
2025-09-20,Alaves,Sevilla,1,2,A,1492.0,1443.4,0.5042869848453232,0.2699817011672835,0.2257313139873933,1478.9,1456.5
2025-09-21,Mallorca,Ath Madrid,1,1,D,1448.7,1581.6,0.30002968216442566,0.45640815202182083,0.2435621658137535,1450.7,1579.5
2025-09-21,Elche,Oviedo,1,0,H,1510.8,1484.8,0.47402648694704624,0.28896498940849075,0.23700852364446295,1518.4,1477.3
2025-09-21,Barcelona,Getafe,3,0,H,1658.1,1477.1,0.6725305452746576,0.16796704247743482,0.15950241224790762,1662.1,1473.1
2025-09-21,Vallecano,Celta,1,1,D,1506.8,1499.4,0.4490925995085205,0.3046222545687813,0.24628514592269826,1504.9,1501.3
2025-09-23,Ath Bilbao,Girona,1,1,D,1580.9,1402.4,0.6696447134331861,0.16962579583673937,0.16072949073007456,1575.0,1408.4
2025-09-23,Espanol,Valencia,2,2,D,1491.1,1503.7,0.42229934737200103,0.32141224974358396,0.25628840288441507,1489.7,1505.0
2025-09-23,Levante,Real Madrid,1,4,A,1486.0,1654.9,0.2696276351482389,0.5048523629980265,0.22552000185373472,1479.0,1661.9
2025-09-23,Sevilla,Villarreal,1,2,A,1456.5,1593.2,0.2967777940877287,0.46158655559169987,0.2416356503205715,1448.6,1601.0
2025-09-24,Getafe,Alaves,1,1,D,1473.1,1478.9,0.43134027805668507,0.31575396278351064,0.2529057591598043,1471.6,1480.5
2025-09-24,Ath Madrid,Vallecano,3,2,H,1579.5,1504.9,0.5389263759396582,0.24836235726390685,0.2127112667964349,1585.8,1498.6
2025-09-24,Sociedad,Mallorca,1,0,H,1443.8,1450.7,0.42976484284989974,0.31674058989069537,0.25349456725940495,1452.2,1442.3
2025-09-25,Osasuna,Elche,1,1,D,1513.6,1518.4,0.43272645362805173,0.3148856590887501,0.2523878872831982,1512.1,1520.0
2025-09-25,Oviedo,Barcelona,1,3,A,1477.3,1662.1,0.2563861613539559,0.5260384146809685,0.21757542396507554,1470.7,1668.7
2025-09-26,Girona,Espanol,0,0,D,1408.4,1489.7,0.34289749489280424,0.3877886646924195,0.26931384041477624,1409.0,1489.1
2025-09-27,Villarreal,Ath Bilbao,1,0,H,1601.0,1575.0,0.4740955904830283,0.28892159267217365,0.2369828168447981,1608.6,1567.4
2025-09-27,Mallorca,Alaves,1,0,H,1442.3,1480.5,0.3883078869348786,0.3425759749189836,0.2691161381461377,1451.6,1471.1
2025-09-27,Getafe,Levante,1,1,D,1471.6,1479.0,0.42916505535740357,0.31711614457213433,0.2537188000704621,1470.1,1480.5
2025-09-27,Ath Madrid,Real Madrid,5,2,H,1585.8,1661.9,0.34715754929419845,0.38089912232131323,0.2719433283844883,1596.3,1651.4
2025-09-28,Vallecano,Sevilla,0,1,A,1498.6,1448.6,0.5061991441902771,0.26878434355429576,0.2250165122554271,1485.5,1461.7
2025-09-28,Elche,Celta,2,1,H,1520.0,1501.3,0.46419362171384626,0.2951404615932425,0.24066591669291132,1527.8,1493.5
2025-09-28,Barcelona,Sociedad,2,1,H,1668.7,1452.2,0.7061764842254828,0.14382351577451713,0.15,1672.1,1448.9
2025-09-28,Betis,Osasuna,2,0,H,1546.6,1512.1,0.48553461729082886,0.2817397863840528,0.23272559632511836,1553.9,1504.7
2025-09-30,Valencia,Oviedo,1,2,A,1505.0,1470.7,0.485198140948401,0.2819509670042019,0.232850892047397,1492.4,1483.4
2025-10-03,Osasuna,Getafe,2,1,H,1504.7,1470.1,0.48563609572606165,0.2816760971434907,0.23268780713044773,1512.1,1462.7
2025-10-04,Real Madrid,Villarreal,3,1,H,1651.4,1608.6,0.4966812047486025,0.2747475688036988,0.2285712264476987,1658.6,1601.5
2025-10-04,Girona,Valencia,2,1,H,1409.0,1492.4,0.34124823679606486,0.39045098440923426,0.2683007787947008,1419.6,1481.7
2025-10-04,Oviedo,Levante,0,2,A,1483.4,1480.5,0.4429373174975365,0.3084844744315586,0.24857820807090494,1471.6,1492.3
2025-10-04,Ath Bilbao,Mallorca,2,1,H,1567.4,1451.6,0.5924873626558134,0.21539951246436642,0.19211312487982027,1572.7,1446.3
2025-10-05,Alaves,Elche,3,1,H,1471.1,1527.8,0.36433307269672355,0.35734830203884493,0.2783186252644315,1481.0,1517.9
2025-10-05,Sevilla,Barcelona,4,1,H,1461.7,1672.1,0.23551587743419086,0.5596658452337079,0.20481827733210117,1475.8,1658.0
2025-10-05,Espanol,Betis,1,2,A,1489.1,1553.9,0.35618447629141375,0.36623171675991845,0.2775838069486678,1479.3,1563.8
2025-10-05,Sociedad,Vallecano,0,1,A,1448.9,1485.5,0.3903503675826389,0.3413105965699977,0.26833903584736346,1438.2,1496.2
2025-10-05,Celta,Ath Madrid,1,1,D,1493.5,1596.3,0.32533019118192685,0.4160298292510307,0.2586399795670424,1494.8,1595.0
2025-10-17,Oviedo,Espanol,0,2,A,1471.6,1479.3,0.4288502966882076,0.31731321454219097,0.2538364887696014,1460.1,1490.7
2025-10-18,Barcelona,Girona,2,1,H,1658.0,1419.6,0.7206235184073042,0.12937648159269574,0.15,1661.0,1416.6
2025-10-18,Ath Madrid,Osasuna,1,0,H,1595.0,1512.1,0.5500013897598063,0.24149113064662198,0.20850747959357174,1601.1,1505.9
2025-10-18,Sevilla,Mallorca,1,3,A,1475.8,1446.3,0.47871443064508773,0.28602122173604155,0.23526434761887074,1463.3,1458.8
2025-10-18,Villarreal,Betis,2,2,D,1601.5,1563.8,0.48970895900870576,0.2791203504962499,0.2311706904950444,1598.7,1566.5
2025-10-19,Elche,Ath Bilbao,0,0,D,1517.9,1572.7,0.3665927148084223,0.35596306395140637,0.27744422124017126,1517.7,1572.9
2025-10-19,Celta,Sociedad,1,1,D,1494.8,1438.2,0.5150238972132858,0.263263461501167,0.2217126412855472,1491.5,1441.4
2025-10-19,Levante,Vallecano,0,3,A,1492.3,1496.2,0.4339093492823672,0.3141445471369763,0.25194610358065656,1480.7,1507.8
2025-10-19,Getafe,Real Madrid,0,1,A,1462.7,1658.6,0.2473379112208968,0.5405751696729663,0.212086919106137,1456.5,1664.8
2025-10-20,Alaves,Valencia,0,0,D,1481.0,1481.7,0.43821938739234034,0.3114431683223553,0.2503374442853043,1479.3,1483.4
2025-10-24,Sociedad,Sevilla,2,1,H,1441.4,1463.3,0.4099783897360098,0.329106508983333,0.2609151012806572,1450.3,1454.3
2025-10-25,Valencia,Villarreal,0,2,A,1483.4,1598.7,0.3147891435161604,0.4328805147694353,0.2523303417144043,1475.0,1607.1
2025-10-25,Ath Bilbao,Getafe,0,1,A,1572.9,1456.5,0.5933152054915055,0.21489615943272763,0.19178863507576685,1558.2,1471.1
2025-10-25,Girona,Oviedo,3,3,D,1416.6,1460.1,0.38142215275074093,0.3468345573463471,0.2717432899029119,1416.1,1460.6
2025-10-25,Espanol,Elche,1,0,H,1490.7,1517.7,0.40317865351805277,0.33334267044955573,0.2634786760323915,1499.8,1508.7
2025-10-26,Mallorca,Levante,1,1,D,1458.8,1480.7,0.4098960686222315,0.3291578409660436,0.2609460904117249,1457.7,1481.8
2025-10-26,Real Madrid,Barcelona,2,1,H,1664.8,1661.0,0.44424690269333345,0.30766294145006223,0.2480901558566043,1673.0,1652.8
2025-10-26,Osasuna,Celta,2,3,A,1505.9,1491.5,0.45848457167832957,0.2987258208699074,0.24278960745176303,1493.8,1503.6
2025-10-26,Vallecano,Alaves,1,0,H,1507.8,1479.3,0.47737962498996783,0.28685934908139216,0.23576102592864007,1515.3,1471.8
2025-10-27,Betis,Ath Madrid,0,2,A,1566.5,1601.1,0.3930950854739673,0.3396086808132105,0.2672962337128222,1555.8,1611.9
2025-10-31,Getafe,Girona,2,1,H,1471.1,1416.1,0.5129544310998977,0.26455735731108976,0.22248821158901252,1478.0,1409.3
2025-11-01,Real Madrid,Valencia,4,0,H,1673.0,1475.0,0.6923073986704302,0.15672483284993544,0.1509677684796343,1676.7,1471.3
2025-11-01,Ath Madrid,Sevilla,3,0,H,1611.9,1454.3,0.6445037213261224,0.18425670460594346,0.1712395740679341,1616.3,1449.9
2025-11-01,Villarreal,Vallecano,4,0,H,1607.1,1515.3,0.5615827572545435,0.2343332226687039,0.20408402007675253,1613.0,1509.4
2025-11-01,Sociedad,Ath Bilbao,3,2,H,1450.3,1558.2,0.3210340129159471,0.4229041713644441,0.25606181571960884,1461.7,1546.8
2025-11-02,Levante,Celta,1,2,A,1481.8,1503.6,0.4099760758589747,0.3291079518347078,0.2609159723063174,1470.7,1514.7
2025-11-02,Alaves,Espanol,2,1,H,1471.8,1499.8,0.4018298446686165,0.33418198607905203,0.2639881692523315,1480.9,1490.7
2025-11-02,Barcelona,Elche,3,1,H,1652.8,1508.7,0.6281824218620178,0.19391324102623966,0.17790433711174253,1657.6,1503.9
2025-11-02,Betis,Mallorca,3,0,H,1555.8,1457.7,0.5697216181136162,0.22932183866240183,0.20095654322398188,1561.6,1452.0
2025-11-03,Oviedo,Osasuna,0,0,D,1460.6,1493.8,0.3948253281763557,0.33853496634507413,0.2666397054785702,1459.8,1494.6
2025-11-07,Elche,Sociedad,1,1,D,1503.9,1461.7,0.495849734293319,0.2752688644246648,0.22888140128201612,1501.1,1464.6
2025-11-08,Espanol,Villarreal,0,2,A,1490.7,1613.0,0.3089275772457882,0.44223090498839607,0.24884151776581578,1482.5,1621.3
2025-11-08,Ath Madrid,Levante,3,1,H,1616.3,1470.7,0.6299243033127043,0.19287719379544996,0.17719850289184572,1621.0,1466.0
2025-11-08,Girona,Alaves,1,0,H,1409.3,1480.9,0.3507996455418847,0.3749932049116249,0.27420714954649034,1419.7,1470.6
2025-11-08,Sevilla,Osasuna,1,0,H,1449.9,1494.6,0.3798288434470824,0.34781826731751325,0.2723528892354043,1459.5,1485.0
2025-11-09,Ath Bilbao,Oviedo,1,0,H,1546.8,1459.8,0.555324281207011,0.23819758178958067,0.2064781370034083,1552.8,1453.8
2025-11-09,Vallecano,Real Madrid,0,0,D,1509.4,1676.7,0.27102194415855324,0.5026261869051428,0.226351868936304,1512.4,1673.7
2025-11-09,Mallorca,Getafe,1,0,H,1452.0,1478.0,0.40449570257607725,0.33252279528557305,0.2629815021383497,1461.0,1468.9
2025-11-09,Valencia,Betis,1,1,D,1471.3,1561.6,0.3356151293895304,0.3995254556170542,0.2648594149934154,1472.1,1560.7
2025-11-09,Celta,Barcelona,2,4,A,1514.7,1657.6,0.2916270048171777,0.4697877933319498,0.23858520185087245,1507.1,1665.2
2025-11-21,Valencia,Levante,1,0,H,1472.1,1466.0,0.44733472816858566,0.3057254704866549,0.24693980134475946,1480.3,1457.9
2025-11-22,Villarreal,Mallorca,2,1,H,1621.3,1461.0,0.6478076245568022,0.1823164265166321,0.1698759489265657,1625.7,1456.6
2025-11-22,Alaves,Celta,0,1,A,1470.6,1507.1,0.3905823769285839,0.34116679958265417,0.268250823488762,1459.9,1517.7
2025-11-22,Barcelona,Ath Bilbao,4,0,H,1665.2,1552.8,0.5881524658942539,0.2180387727596415,0.19380876134610459,1670.6,1547.4
2025-11-22,Osasuna,Sociedad,1,3,A,1485.0,1464.6,0.4666398728747013,0.29360407913228304,0.23975604799301564,1472.8,1476.8
2025-11-23,Betis,Girona,1,1,D,1560.7,1419.7,0.6242766692958642,0.19624086273058505,0.17948246797355072,1555.5,1424.9
2025-11-23,Getafe,Ath Madrid,0,1,A,1468.9,1621.0,0.283825481711289,0.48221181010769726,0.23396270818101372,1461.5,1628.4
2025-11-23,Elche,Real Madrid,2,2,D,1501.1,1673.7,0.26653628950339503,0.5097908478776203,0.2236728626189845,1504.2,1670.6
2025-11-23,Oviedo,Vallecano,0,0,D,1453.8,1512.4,0.3617613373246885,0.3589228671117163,0.2793157955635952,1453.7,1512.5
2025-11-24,Espanol,Sevilla,2,1,H,1482.5,1459.5,0.4700597940085871,0.29145617497794607,0.23848403101346688,1490.1,1451.8
2025-11-28,Getafe,Elche,1,0,H,1461.5,1504.2,0.38246426814311396,0.34619080067377017,0.27134493118311587,1471.0,1494.7
2025-11-29,Ath Madrid,Oviedo,2,0,H,1628.4,1453.7,0.6650646215745867,0.17226748496637082,0.16266789345904253,1632.5,1449.6
2025-11-29,Mallorca,Osasuna,2,2,D,1456.6,1472.8,0.417534095946166,0.3243906323640483,0.2580752716897857,1455.4,1474.0
2025-11-29,Barcelona,Alaves,3,1,H,1670.6,1459.9,0.7022150212302648,0.1477849787697352,0.15,1674.1,1456.4
2025-11-29,Levante,Ath Bilbao,0,2,A,1457.9,1547.4,0.336235158484356,0.39852798049540183,0.2652368610202422,1448.8,1556.6
2025-11-30,Sociedad,Villarreal,2,3,A,1476.8,1625.7,0.28657210767731084,0.477837077946902,0.23559081437578722,1469.3,1633.2
2025-11-30,Sevilla,Betis,0,2,A,1451.8,1555.5,0.3245454603922099,0.4172862459007972,0.25816829370699285,1443.1,1564.2
2025-11-30,Celta,Espanol,0,1,A,1517.7,1490.1,0.476199496259102,0.2876003945661337,0.2362001091747643,1505.3,1502.6
2025-11-30,Girona,Real Madrid,1,1,D,1424.9,1670.6,0.20774175076026719,0.6051220937367083,0.18713615550302454,1429.8,1665.7
2025-12-01,Vallecano,Valencia,1,1,D,1512.5,1480.3,0.4823749411378061,0.2837230749686769,0.23390198389351705,1509.9,1482.9
2025-12-02,Barcelona,Ath Madrid,3,1,H,1674.1,1632.5,0.49496900920260384,0.27582109631293755,0.2292098944844586,1681.3,1625.4
2025-12-03,Ath Bilbao,Real Madrid,0,3,A,1556.6,1665.7,0.31999162161276823,0.4245706508386068,0.2554377275486251,1548.0,1674.3
2025-12-05,Oviedo,Mallorca,0,0,D,1449.6,1455.4,0.43144929102299223,0.31568568352926973,0.252865025447738,1448.1,1456.9
2025-12-06,Alaves,Sociedad,1,0,H,1456.4,1469.3,0.4218425859547868,0.3216978629840121,0.2564595510612011,1465.1,1460.7
2025-12-06,Betis,Barcelona,3,5,A,1564.2,1681.3,0.3133576286939273,0.4351651355754371,0.25147723573063563,1555.8,1689.6
2025-12-06,Ath Bilbao,Ath Madrid,1,0,H,1548.0,1625.4,0.3461309536652091,0.3825611259392994,0.2713079203954916,1558.5,1614.9
2025-12-06,Villarreal,Getafe,2,0,H,1633.2,1471.0,0.650080781086805,0.18098443770636005,0.16893478120683497,1637.5,1466.7
2025-12-07,Elche,Girona,3,0,H,1494.7,1429.8,0.5261715662850854,0.2563031276565258,0.2175253060583888,1501.3,1423.2
2025-12-07,Valencia,Sevilla,1,1,D,1482.9,1443.1,0.4925818682612656,0.2773181554745242,0.23009997626421025,1480.1,1445.9
2025-12-07,Espanol,Vallecano,1,0,H,1502.6,1509.9,0.429416279159136,0.3169588462688369,0.25362487457202715,1511.1,1501.4
2025-12-07,Real Madrid,Celta,0,2,A,1674.3,1505.3,0.6583553726900728,0.17615681449083737,0.16548781281908978,1658.5,1521.1
2025-12-08,Osasuna,Levante,2,0,H,1474.0,1448.8,0.4730737829461785,0.2895632920941188,0.23736292495970263,1481.6,1441.2
2025-12-12,Sociedad,Girona,1,2,A,1460.7,1423.2,0.4894668149032819,0.27927227198675886,0.23126091310995928,1447.9,1435.9
2025-12-13,Mallorca,Elche,3,1,H,1456.9,1501.3,0.3803025839986341,0.34752584872708764,0.27217156727427827,1466.5,1491.7
2025-12-13,Barcelona,Osasuna,2,0,H,1689.6,1481.6,0.7002951631884827,0.14970483681151722,0.15,1693.2,1478.1
2025-12-13,Getafe,Espanol,0,1,A,1466.7,1511.1,0.38016951954787376,0.3476079893240385,0.2722224911280878,1456.2,1521.6
2025-12-13,Ath Madrid,Valencia,2,1,H,1614.9,1480.1,0.6165297637255308,0.2008756058542017,0.18259463042026747,1619.8,1475.1
2025-12-14,Sevilla,Oviedo,4,0,H,1445.9,1448.1,0.4361321244687724,0.3127515866090113,0.2511162889222162,1454.2,1439.7
2025-12-14,Celta,Ath Bilbao,2,0,H,1521.1,1558.5,0.3893609742444529,0.34192367516622474,0.2687153505893224,1530.4,1549.1
2025-12-14,Alaves,Real Madrid,1,2,A,1465.1,1658.5,0.24928570207632497,0.537440979528449,0.21327331839522606,1458.7,1664.9
2025-12-15,Vallecano,Betis,0,0,D,1501.4,1555.8,0.36712924837294675,0.35563391460840904,0.27723683701864416,1501.2,1556.0
